,Name,Location,Contact Number,Sunday,Monday,Tuesday,Wednesday,Thursday,Friday,Saturday
0,Angry Pete's Pizza,"9310 Fanita Pkwy Ste. G Santee, CA 92071",(619) 486-6093,Bussines hour: 7:00 AM -  4:00 PM Happy hour: Not Happy Hour Today deal: No Specials,Bussines hour: 8:00 AM -  4:00 PM Happy hour: 3:00 PM -  4:00 PM Today deal: No Specials,Bussines hour: 8:00 AM -  4:00 PM Happy hour: 3:00 PM -  4:00 PM Today deal: $10 Any Slice + Any Beer (except $10 beers),Bussines hour: 8:00 AM -  4:00 PM Happy hour: 3:00 PM -  4:00 PM Today deal: $10 Any Slice + Any Beer (except $10 beers),Bussines hour: 8:00 AM -  4:00 PM Happy hour: 3:00 PM -  4:00 PM Today deal: $10 Any Slice + Any Beer (except $10 beers),Bussines hour: 8:00 AM -  4:00 PM Happy hour: 3:00 PM -  4:00 PM Today deal: $10 Any Slice + Any Beer (except $10 beers),Bussines hour: 7:00 AM -  4:00 PM Happy hour: Not Happy Hour Today deal: $10 Any Slice + Any Beer (except $10 beers)
1,Doggos Gus,"1313 J Street San Diego, CA 92101",(619) 534-9315,Bussines hour: 7:00 AM -  4:00 PM Happy hour: Not Happy Hour Today deal: No Specials,Bussines hour: 8:00 AM -  4:00 PM Happy hour: 3:00 PM -  4:00 PM Today deal: No Specials,Bussines hour: 8:00 AM -  4:00 PM Happy hour: 3:00 PM -  4:00 PM Today deal: $10 Any Slice + Any Beer (except $10 beers),Bussines hour: 8:00 AM -  4:00 PM Happy hour: 3:00 PM -  4:00 PM Today deal: $10 Any Slice + Any Beer (except $10 beers),Bussines hour: 8:00 AM -  4:00 PM Happy hour: 3:00 PM -  4:00 PM Today deal: $10 Any Slice + Any Beer (except $10 beers),Bussines hour: 8:00 AM -  4:00 PM Happy hour: 3:00 PM -  4:00 PM Today deal: $10 Any Slice + Any Beer (except $10 beers),Bussines hour: 7:00 AM -  4:00 PM Happy hour: Not Happy Hour Today deal: $10 Any Slice + Any Beer (except $10 beers)
2,Half Door Brewing Co.,"903 Island Ave. San Diego, CA 92101",(619) 232-9845,Bussines hour: 7:00 AM -  4:00 PM Happy hour: Not Happy Hour Today deal: No Specials,Bussines hour: 8:00 AM -  4:00 PM Happy hour: 3:00 PM -  4:00 PM Today deal: No Specials,Bussines hour: 8:00 AM -  4:00 PM Happy hour: 3:00 PM -  4:00 PM Today deal: $10 Any Slice + Any Beer (except $10 beers),Bussines hour: 8:00 AM -  4:00 PM Happy hour: 3:00 PM -  4:00 PM Today deal: $10 Any Slice + Any Beer (except $10 beers),Bussines hour: 8:00 AM -  4:00 PM Happy hour: 3:00 PM -  4:00 PM Today deal: $10 Any Slice + Any Beer (except $10 beers),Bussines hour: 8:00 AM -  4:00 PM Happy hour: 3:00 PM -  4:00 PM Today deal: $10 Any Slice + Any Beer (except $10 beers),Bussines hour: 7:00 AM -  4:00 PM Happy hour: Not Happy Hour Today deal: $10 Any Slice + Any Beer (except $10 beers)
3,Las Hadas Bar & Grill,"558 Fourth Ave. San Diego, CA 92101",(619) 232-1720,Bussines hour: 7:00 AM -  4:00 PM Happy hour: Not Happy Hour Today deal: No Specials,Bussines hour: 8:00 AM -  4:00 PM Happy hour: 3:00 PM -  4:00 PM Today deal: No Specials,Bussines hour: 8:00 AM -  4:00 PM Happy hour: 3:00 PM -  4:00 PM Today deal: $10 Any Slice + Any Beer (except $10 beers),Bussines hour: 8:00 AM -  4:00 PM Happy hour: 3:00 PM -  4:00 PM Today deal: $10 Any Slice + Any Beer (except $10 beers),Bussines hour: 8:00 AM -  4:00 PM Happy hour: 3:00 PM -  4:00 PM Today deal: $10 Any Slice + Any Beer (except $10 beers),Bussines hour: 8:00 AM -  4:00 PM Happy hour: 3:00 PM -  4:00 PM Today deal: $10 Any Slice + Any Beer (except $10 beers),Bussines hour: 7:00 AM -  4:00 PM Happy hour: Not Happy Hour Today deal: $10 Any Slice + Any Beer (except $10 beers)
4,Las Tres Catrinas,"555 Broadway Suite 1084 Chula Vista, CA 91910",(619) 595-6096,Bussines hour: 7:00 AM -  4:00 PM Happy hour: Not Happy Hour Today deal: No Specials,Bussines hour: 8:00 AM -  4:00 PM Happy hour: 3:00 PM -  4:00 PM Today deal: No Specials,Bussines hour: 8:00 AM -  4:00 PM Happy hour: 3:00 PM -  4:00 PM Today deal: $10 Any Slice + Any Beer (except $10 beers),Bussines hour: 8:00 AM -  4:00 PM Happy hour: 3:00 PM -  4:00 PM Today deal: $10 Any Slice + Any Beer (except $10 beers),Bussines hour: 8:00 AM -  4:00 PM Happy hour: 3:00 PM -  4:00 PM Today deal: $10 Any Slice + Any Beer (except $10 beers),Bussines hour: 8:00 AM -  4:00 PM Happy hour: 3:00 PM -  4:00 PM Today deal: $10 Any Slice + Any Beer (except $10 beers),Bussines hour: 7:00 AM -  4:00 PM Happy hour: Not Happy Hour Today deal: $10 Any Slice + Any Beer (except $10 beers)
5,Liberty Call Distilling & Restaurant,"1985 National Ave #1131 San Diego, CA 92113",(619) 432-1848,Bussines hour: 7:00 AM -  4:00 PM Happy hour: Not Happy Hour Today deal: No Specials,Bussines hour: 8:00 AM -  4:00 PM Happy hour: 3:00 PM -  4:00 PM Today deal: No Specials,Bussines hour: 8:00 AM -  4:00 PM Happy hour: 3:00 PM -  4:00 PM Today deal: $10 Any Slice + Any Beer (except $10 beers),Bussines hour: 8:00 AM -  4:00 PM Happy hour: 3:00 PM -  4:00 PM Today deal: $10 Any Slice + Any Beer (except $10 beers),Bussines hour: 8:00 AM -  4:00 PM Happy hour: 3:00 PM -  4:00 PM Today deal: $10 Any Slice + Any Beer (except $10 beers),Bussines hour: 8:00 AM -  4:00 PM Happy hour: 3:00 PM -  4:00 PM Today deal: $10 Any Slice + Any Beer (except $10 beers),Bussines hour: 7:00 AM -  4:00 PM Happy hour: Not Happy Hour Today deal: $10 Any Slice + Any Beer (except $10 beers)
6,McGregor's Ale House,"10475 San Diego Mission Rd. San Diego, CA 92108",(619) 282-9797,Bussines hour: 7:00 AM -  4:00 PM Happy hour: Not Happy Hour Today deal: No Specials,Bussines hour: 8:00 AM -  4:00 PM Happy hour: 3:00 PM -  4:00 PM Today deal: No Specials,Bussines hour: 8:00 AM -  4:00 PM Happy hour: 3:00 PM -  4:00 PM Today deal: $10 Any Slice + Any Beer (except $10 beers),Bussines hour: 8:00 AM -  4:00 PM Happy hour: 3:00 PM -  4:00 PM Today deal: $10 Any Slice + Any Beer (except $10 beers),Bussines hour: 8:00 AM -  4:00 PM Happy hour: 3:00 PM -  4:00 PM Today deal: $10 Any Slice + Any Beer (except $10 beers),Bussines hour: 8:00 AM -  4:00 PM Happy hour: 3:00 PM -  4:00 PM Today deal: $10 Any Slice + Any Beer (except $10 beers),Bussines hour: 7:00 AM -  4:00 PM Happy hour: Not Happy Hour Today deal: $10 Any Slice + Any Beer (except $10 beers)
7,Mez√© Greek Fusion,"345 Sixth Ave. San Diego, CA 92101",(619) 550-1600,Bussines hour: 7:00 AM -  4:00 PM Happy hour: Not Happy Hour Today deal: No Specials,Bussines hour: 8:00 AM -  4:00 PM Happy hour: 3:00 PM -  4:00 PM Today deal: No Specials,Bussines hour: 8:00 AM -  4:00 PM Happy hour: 3:00 PM -  4:00 PM Today deal: $10 Any Slice + Any Beer (except $10 beers),Bussines hour: 8:00 AM -  4:00 PM Happy hour: 3:00 PM -  4:00 PM Today deal: $10 Any Slice + Any Beer (except $10 beers),Bussines hour: 8:00 AM -  4:00 PM Happy hour: 3:00 PM -  4:00 PM Today deal: $10 Any Slice + Any Beer (except $10 beers),Bussines hour: 8:00 AM -  4:00 PM Happy hour: 3:00 PM -  4:00 PM Today deal: $10 Any Slice + Any Beer (except $10 beers),Bussines hour: 7:00 AM -  4:00 PM Happy hour: Not Happy Hour Today deal: $10 Any Slice + Any Beer (except $10 beers)
8,My Yard Live Beer Co.,"288 Rancheros Road San Marcos, CA 92069",(760) 798-0779,Bussines hour: 7:00 AM -  4:00 PM Happy hour: Not Happy Hour Today deal: No Specials,Bussines hour: 8:00 AM -  4:00 PM Happy hour: 3:00 PM -  4:00 PM Today deal: No Specials,Bussines hour: 8:00 AM -  4:00 PM Happy hour: 3:00 PM -  4:00 PM Today deal: $10 Any Slice + Any Beer (except $10 beers),Bussines hour: 8:00 AM -  4:00 PM Happy hour: 3:00 PM -  4:00 PM Today deal: $10 Any Slice + Any Beer (except $10 beers),Bussines hour: 8:00 AM -  4:00 PM Happy hour: 3:00 PM -  4:00 PM Today deal: $10 Any Slice + Any Beer (except $10 beers),Bussines hour: 8:00 AM -  4:00 PM Happy hour: 3:00 PM -  4:00 PM Today deal: $10 Any Slice + Any Beer (except $10 beers),Bussines hour: 7:00 AM -  4:00 PM Happy hour: Not Happy Hour Today deal: $10 Any Slice + Any Beer (except $10 beers)
9,Rockin' Baja Lobster Coastal Cantina,"3890 Twiggs Street San Diego, CA 92110",(619) 260-0305,Bussines hour: 7:00 AM -  4:00 PM Happy hour: Not Happy Hour Today deal: No Specials,Bussines hour: 8:00 AM -  4:00 PM Happy hour: 3:00 PM -  4:00 PM Today deal: No Specials,Bussines hour: 8:00 AM -  4:00 PM Happy hour: 3:00 PM -  4:00 PM Today deal: $10 Any Slice + Any Beer (except $10 beers),Bussines hour: 8:00 AM -  4:00 PM Happy hour: 3:00 PM -  4:00 PM Today deal: $10 Any Slice + Any Beer (except $10 beers),Bussines hour: 8:00 AM -  4:00 PM Happy hour: 3:00 PM -  4:00 PM Today deal: $10 Any Slice + Any Beer (except $10 beers),Bussines hour: 8:00 AM -  4:00 PM Happy hour: 3:00 PM -  4:00 PM Today deal: $10 Any Slice + Any Beer (except $10 beers),Bussines hour: 7:00 AM -  4:00 PM Happy hour: Not Happy Hour Today deal: $10 Any Slice + Any Beer (except $10 beers)
10,Studio Diner,"4701 Ruffin Rd San Diego, CA 92123",(858) 715-6400,Bussines hour: 7:00 AM -  4:00 PM Happy hour: Not Happy Hour Today deal: No Specials,Bussines hour: 8:00 AM -  4:00 PM Happy hour: 3:00 PM -  4:00 PM Today deal: No Specials,Bussines hour: 8:00 AM -  4:00 PM Happy hour: 3:00 PM -  4:00 PM Today deal: $10 Any Slice + Any Beer (except $10 beers),Bussines hour: 8:00 AM -  4:00 PM Happy hour: 3:00 PM -  4:00 PM Today deal: $10 Any Slice + Any Beer (except $10 beers),Bussines hour: 8:00 AM -  4:00 PM Happy hour: 3:00 PM -  4:00 PM Today deal: $10 Any Slice + Any Beer (except $10 beers),Bussines hour: 8:00 AM -  4:00 PM Happy hour: 3:00 PM -  4:00 PM Today deal: $10 Any Slice + Any Beer (except $10 beers),Bussines hour: 7:00 AM -  4:00 PM Happy hour: Not Happy Hour Today deal: $10 Any Slice + Any Beer (except $10 beers)
11,Taste & Thirst,"715 Fourth Ave. San Diego, CA 92101",(619) 955-5995,Bussines hour: 7:00 AM -  4:00 PM Happy hour: Not Happy Hour Today deal: No Specials,Bussines hour: 8:00 AM -  4:00 PM Happy hour: 3:00 PM -  4:00 PM Today deal: No Specials,Bussines hour: 8:00 AM -  4:00 PM Happy hour: 3:00 PM -  4:00 PM Today deal: $10 Any Slice + Any Beer (except $10 beers),Bussines hour: 8:00 AM -  4:00 PM Happy hour: 3:00 PM -  4:00 PM Today deal: $10 Any Slice + Any Beer (except $10 beers),Bussines hour: 8:00 AM -  4:00 PM Happy hour: 3:00 PM -  4:00 PM Today deal: $10 Any Slice + Any Beer (except $10 beers),Bussines hour: 8:00 AM -  4:00 PM Happy hour: 3:00 PM -  4:00 PM Today deal: $10 Any Slice + Any Beer (except $10 beers),Bussines hour: 7:00 AM -  4:00 PM Happy hour: Not Happy Hour Today deal: $10 Any Slice + Any Beer (except $10 beers)
12,That Pizza Place,"2622 El Camino Real Unit B Carlsbad, CA 92008",(760) 434- 3171,Bussines hour: 7:00 AM -  4:00 PM Happy hour: Not Happy Hour Today deal: No Specials,Bussines hour: 8:00 AM -  4:00 PM Happy hour: 3:00 PM -  4:00 PM Today deal: No Specials,Bussines hour: 8:00 AM -  4:00 PM Happy hour: 3:00 PM -  4:00 PM Today deal: $10 Any Slice + Any Beer (except $10 beers),Bussines hour: 8:00 AM -  4:00 PM Happy hour: 3:00 PM -  4:00 PM Today deal: $10 Any Slice + Any Beer (except $10 beers),Bussines hour: 8:00 AM -  4:00 PM Happy hour: 3:00 PM -  4:00 PM Today deal: $10 Any Slice + Any Beer (except $10 beers),Bussines hour: 8:00 AM -  4:00 PM Happy hour: 3:00 PM -  4:00 PM Today deal: $10 Any Slice + Any Beer (except $10 beers),Bussines hour: 7:00 AM -  4:00 PM Happy hour: Not Happy Hour Today deal: $10 Any Slice + Any Beer (except $10 beers)
13,The Butcher Shop Steakhouse,"5255 Kearny Villa Rd. San Diego, CA 92123",(858) 565-2272,Bussines hour: 7:00 AM -  4:00 PM Happy hour: Not Happy Hour Today deal: No Specials,Bussines hour: 8:00 AM -  4:00 PM Happy hour: 3:00 PM -  4:00 PM Today deal: No Specials,Bussines hour: 8:00 AM -  4:00 PM Happy hour: 3:00 PM -  4:00 PM Today deal: $10 Any Slice + Any Beer (except $10 beers),Bussines hour: 8:00 AM -  4:00 PM Happy hour: 3:00 PM -  4:00 PM Today deal: $10 Any Slice + Any Beer (except $10 beers),Bussines hour: 8:00 AM -  4:00 PM Happy hour: 3:00 PM -  4:00 PM Today deal: $10 Any Slice + Any Beer (except $10 beers),Bussines hour: 8:00 AM -  4:00 PM Happy hour: 3:00 PM -  4:00 PM Today deal: $10 Any Slice + Any Beer (except $10 beers),Bussines hour: 7:00 AM -  4:00 PM Happy hour: Not Happy Hour Today deal: $10 Any Slice + Any Beer (except $10 beers)
14,The Field Irish Pub,"544 Fifth Ave. San Diego, CA 92101",(619) 232-9840,Bussines hour: 7:00 AM -  4:00 PM Happy hour: Not Happy Hour Today deal: No Specials,Bussines hour: 8:00 AM -  4:00 PM Happy hour: 3:00 PM -  4:00 PM Today deal: No Specials,Bussines hour: 8:00 AM -  4:00 PM Happy hour: 3:00 PM -  4:00 PM Today deal: $10 Any Slice + Any Beer (except $10 beers),Bussines hour: 8:00 AM -  4:00 PM Happy hour: 3:00 PM -  4:00 PM Today deal: $10 Any Slice + Any Beer (except $10 beers),Bussines hour: 8:00 AM -  4:00 PM Happy hour: 3:00 PM -  4:00 PM Today deal: $10 Any Slice + Any Beer (except $10 beers),Bussines hour: 8:00 AM -  4:00 PM Happy hour: 3:00 PM -  4:00 PM Today deal: $10 Any Slice + Any Beer (except $10 beers),Bussines hour: 7:00 AM -  4:00 PM Happy hour: Not Happy Hour Today deal: $10 Any Slice + Any Beer (except $10 beers)
15,O'Brien's Pub,"4646 Convoy St San Diego, CA 921111",(858) 715-1745,Bussines hour: 7:00 AM -  4:00 PM Happy hour: Not Happy Hour Today deal: No Specials,Bussines hour: 8:00 AM -  4:00 PM Happy hour: 3:00 PM -  4:00 PM Today deal: No Specials,Bussines hour: 8:00 AM -  4:00 PM Happy hour: 3:00 PM -  4:00 PM Today deal: $10 Any Slice + Any Beer (except $10 beers),Bussines hour: 8:00 AM -  4:00 PM Happy hour: 3:00 PM -  4:00 PM Today deal: $10 Any Slice + Any Beer (except $10 beers),Bussines hour: 8:00 AM -  4:00 PM Happy hour: 3:00 PM -  4:00 PM Today deal: $10 Any Slice + Any Beer (except $10 beers),Bussines hour: 8:00 AM -  4:00 PM Happy hour: 3:00 PM -  4:00 PM Today deal: $10 Any Slice + Any Beer (except $10 beers),Bussines hour: 7:00 AM -  4:00 PM Happy hour: Not Happy Hour Today deal: $10 Any Slice + Any Beer (except $10 beers)
16,Coasterra,"880 Harbor Island Dr. San Diego, CA 92101",(619) 814-1300,Bussines hour: 7:00 AM -  4:00 PM Happy hour: Not Happy Hour Today deal: No Specials,Bussines hour: 8:00 AM -  4:00 PM Happy hour: 3:00 PM -  4:00 PM Today deal: No Specials,Bussines hour: 8:00 AM -  4:00 PM Happy hour: 3:00 PM -  4:00 PM Today deal: $10 Any Slice + Any Beer (except $10 beers),Bussines hour: 8:00 AM -  4:00 PM Happy hour: 3:00 PM -  4:00 PM Today deal: $10 Any Slice + Any Beer (except $10 beers),Bussines hour: 8:00 AM -  4:00 PM Happy hour: 3:00 PM -  4:00 PM Today deal: $10 Any Slice + Any Beer (except $10 beers),Bussines hour: 8:00 AM -  4:00 PM Happy hour: 3:00 PM -  4:00 PM Today deal: $10 Any Slice + Any Beer (except $10 beers),Bussines hour: 7:00 AM -  4:00 PM Happy hour: Not Happy Hour Today deal: $10 Any Slice + Any Beer (except $10 beers)
17,Dobson's,"956 Broadway Circle San Diego, CA 92101",(619) 231-6771,Bussines hour: 7:00 AM -  4:00 PM Happy hour: Not Happy Hour Today deal: No Specials,Bussines hour: 8:00 AM -  4:00 PM Happy hour: 3:00 PM -  4:00 PM Today deal: No Specials,Bussines hour: 8:00 AM -  4:00 PM Happy hour: 3:00 PM -  4:00 PM Today deal: $10 Any Slice + Any Beer (except $10 beers),Bussines hour: 8:00 AM -  4:00 PM Happy hour: 3:00 PM -  4:00 PM Today deal: $10 Any Slice + Any Beer (except $10 beers),Bussines hour: 8:00 AM -  4:00 PM Happy hour: 3:00 PM -  4:00 PM Today deal: $10 Any Slice + Any Beer (except $10 beers),Bussines hour: 8:00 AM -  4:00 PM Happy hour: 3:00 PM -  4:00 PM Today deal: $10 Any Slice + Any Beer (except $10 beers),Bussines hour: 7:00 AM -  4:00 PM Happy hour: Not Happy Hour Today deal: $10 Any Slice + Any Beer (except $10 beers)
18,C Level,"880 Harbor Island Drive San Diego, CA 92101",(619) 298-6802,Bussines hour: 7:00 AM -  4:00 PM Happy hour: Not Happy Hour Today deal: No Specials,Bussines hour: 8:00 AM -  4:00 PM Happy hour: 3:00 PM -  4:00 PM Today deal: No Specials,Bussines hour: 8:00 AM -  4:00 PM Happy hour: 3:00 PM -  4:00 PM Today deal: $10 Any Slice + Any Beer (except $10 beers),Bussines hour: 8:00 AM -  4:00 PM Happy hour: 3:00 PM -  4:00 PM Today deal: $10 Any Slice + Any Beer (except $10 beers),Bussines hour: 8:00 AM -  4:00 PM Happy hour: 3:00 PM -  4:00 PM Today deal: $10 Any Slice + Any Beer (except $10 beers),Bussines hour: 8:00 AM -  4:00 PM Happy hour: 3:00 PM -  4:00 PM Today deal: $10 Any Slice + Any Beer (except $10 beers),Bussines hour: 7:00 AM -  4:00 PM Happy hour: Not Happy Hour Today deal: $10 Any Slice + Any Beer (except $10 beers)
19,Pacific Social,"6025 Village Way San Diego, CA 92130",(858) 720-6645,Bussines hour: 7:00 AM -  4:00 PM Happy hour: Not Happy Hour Today deal: No Specials,Bussines hour: 8:00 AM -  4:00 PM Happy hour: 3:00 PM -  4:00 PM Today deal: No Specials,Bussines hour: 8:00 AM -  4:00 PM Happy hour: 3:00 PM -  4:00 PM Today deal: $10 Any Slice + Any Beer (except $10 beers),Bussines hour: 8:00 AM -  4:00 PM Happy hour: 3:00 PM -  4:00 PM Today deal: $10 Any Slice + Any Beer (except $10 beers),Bussines hour: 8:00 AM -  4:00 PM Happy hour: 3:00 PM -  4:00 PM Today deal: $10 Any Slice + Any Beer (except $10 beers),Bussines hour: 8:00 AM -  4:00 PM Happy hour: 3:00 PM -  4:00 PM Today deal: $10 Any Slice + Any Beer (except $10 beers),Bussines hour: 7:00 AM -  4:00 PM Happy hour: Not Happy Hour Today deal: $10 Any Slice + Any Beer (except $10 beers)
20,Jose's Court Room,"1037 Prospect St. La Jolla, CA 92037",(858) 454-7655,Bussines hour: 7:00 AM -  4:00 PM Happy hour: Not Happy Hour Today deal: No Specials,Bussines hour: 8:00 AM -  4:00 PM Happy hour: 3:00 PM -  4:00 PM Today deal: No Specials,Bussines hour: 8:00 AM -  4:00 PM Happy hour: 3:00 PM -  4:00 PM Today deal: $10 Any Slice + Any Beer (except $10 beers),Bussines hour: 8:00 AM -  4:00 PM Happy hour: 3:00 PM -  4:00 PM Today deal: $10 Any Slice + Any Beer (except $10 beers),Bussines hour: 8:00 AM -  4:00 PM Happy hour: 3:00 PM -  4:00 PM Today deal: $10 Any Slice + Any Beer (except $10 beers),Bussines hour: 8:00 AM -  4:00 PM Happy hour: 3:00 PM -  4:00 PM Today deal: $10 Any Slice + Any Beer (except $10 beers),Bussines hour: 7:00 AM -  4:00 PM Happy hour: Not Happy Hour Today deal: $10 Any Slice + Any Beer (except $10 beers)
21,The Shack Bar & Grill,"6941 La Jolla Blvd. La Jolla, CA 92037",(858) 454-5280,Bussines hour: 7:00 AM -  4:00 PM Happy hour: Not Happy Hour Today deal: No Specials,Bussines hour: 8:00 AM -  4:00 PM Happy hour: 3:00 PM -  4:00 PM Today deal: No Specials,Bussines hour: 8:00 AM -  4:00 PM Happy hour: 3:00 PM -  4:00 PM Today deal: $10 Any Slice + Any Beer (except $10 beers),Bussines hour: 8:00 AM -  4:00 PM Happy hour: 3:00 PM -  4:00 PM Today deal: $10 Any Slice + Any Beer (except $10 beers),Bussines hour: 8:00 AM -  4:00 PM Happy hour: 3:00 PM -  4:00 PM Today deal: $10 Any Slice + Any Beer (except $10 beers),Bussines hour: 8:00 AM -  4:00 PM Happy hour: 3:00 PM -  4:00 PM Today deal: $10 Any Slice + Any Beer (except $10 beers),Bussines hour: 7:00 AM -  4:00 PM Happy hour: Not Happy Hour Today deal: $10 Any Slice + Any Beer (except $10 beers)
22,Station Sushi,"125 N. Highway 101 Solana Beach, CA 92075",(858) 481-9800,Bussines hour: 7:00 AM -  4:00 PM Happy hour: Not Happy Hour Today deal: No Specials,Bussines hour: 8:00 AM -  4:00 PM Happy hour: 3:00 PM -  4:00 PM Today deal: No Specials,Bussines hour: 8:00 AM -  4:00 PM Happy hour: 3:00 PM -  4:00 PM Today deal: $10 Any Slice + Any Beer (except $10 beers),Bussines hour: 8:00 AM -  4:00 PM Happy hour: 3:00 PM -  4:00 PM Today deal: $10 Any Slice + Any Beer (except $10 beers),Bussines hour: 8:00 AM -  4:00 PM Happy hour: 3:00 PM -  4:00 PM Today deal: $10 Any Slice + Any Beer (except $10 beers),Bussines hour: 8:00 AM -  4:00 PM Happy hour: 3:00 PM -  4:00 PM Today deal: $10 Any Slice + Any Beer (except $10 beers),Bussines hour: 7:00 AM -  4:00 PM Happy hour: Not Happy Hour Today deal: $10 Any Slice + Any Beer (except $10 beers)
23,The Holding Company,"5046 Newport Ave. San Diego, CA 92107",(619) 341-5898,Bussines hour: 7:00 AM -  4:00 PM Happy hour: Not Happy Hour Today deal: No Specials,Bussines hour: 8:00 AM -  4:00 PM Happy hour: 3:00 PM -  4:00 PM Today deal: No Specials,Bussines hour: 8:00 AM -  4:00 PM Happy hour: 3:00 PM -  4:00 PM Today deal: $10 Any Slice + Any Beer (except $10 beers),Bussines hour: 8:00 AM -  4:00 PM Happy hour: 3:00 PM -  4:00 PM Today deal: $10 Any Slice + Any Beer (except $10 beers),Bussines hour: 8:00 AM -  4:00 PM Happy hour: 3:00 PM -  4:00 PM Today deal: $10 Any Slice + Any Beer (except $10 beers),Bussines hour: 8:00 AM -  4:00 PM Happy hour: 3:00 PM -  4:00 PM Today deal: $10 Any Slice + Any Beer (except $10 beers),Bussines hour: 7:00 AM -  4:00 PM Happy hour: Not Happy Hour Today deal: $10 Any Slice + Any Beer (except $10 beers)
24,Firefly Eatery & Bar,"1710 W. Mission Bay Dr. San Diego, CA 92109",(619) 222-6440,Bussines hour: 7:00 AM -  4:00 PM Happy hour: Not Happy Hour Today deal: No Specials,Bussines hour: 8:00 AM -  4:00 PM Happy hour: 3:00 PM -  4:00 PM Today deal: No Specials,Bussines hour: 8:00 AM -  4:00 PM Happy hour: 3:00 PM -  4:00 PM Today deal: $10 Any Slice + Any Beer (except $10 beers),Bussines hour: 8:00 AM -  4:00 PM Happy hour: 3:00 PM -  4:00 PM Today deal: $10 Any Slice + Any Beer (except $10 beers),Bussines hour: 8:00 AM -  4:00 PM Happy hour: 3:00 PM -  4:00 PM Today deal: $10 Any Slice + Any Beer (except $10 beers),Bussines hour: 8:00 AM -  4:00 PM Happy hour: 3:00 PM -  4:00 PM Today deal: $10 Any Slice + Any Beer (except $10 beers),Bussines hour: 7:00 AM -  4:00 PM Happy hour: Not Happy Hour Today deal: $10 Any Slice + Any Beer (except $10 beers)
25,Til Two Club,"4746 El Cajon Blvd. San Diego, CA 92115",(619) 255-1481,Bussines hour: 7:00 AM -  4:00 PM Happy hour: Not Happy Hour Today deal: No Specials,Bussines hour: 8:00 AM -  4:00 PM Happy hour: 3:00 PM -  4:00 PM Today deal: No Specials,Bussines hour: 8:00 AM -  4:00 PM Happy hour: 3:00 PM -  4:00 PM Today deal: $10 Any Slice + Any Beer (except $10 beers),Bussines hour: 8:00 AM -  4:00 PM Happy hour: 3:00 PM -  4:00 PM Today deal: $10 Any Slice + Any Beer (except $10 beers),Bussines hour: 8:00 AM -  4:00 PM Happy hour: 3:00 PM -  4:00 PM Today deal: $10 Any Slice + Any Beer (except $10 beers),Bussines hour: 8:00 AM -  4:00 PM Happy hour: 3:00 PM -  4:00 PM Today deal: $10 Any Slice + Any Beer (except $10 beers),Bussines hour: 7:00 AM -  4:00 PM Happy hour: Not Happy Hour Today deal: $10 Any Slice + Any Beer (except $10 beers)
26,Nason's Beer Hall,"550 J St. San Diego, CA 92101",(619) 738-7060,Bussines hour: 7:00 AM -  4:00 PM Happy hour: Not Happy Hour Today deal: No Specials,Bussines hour: 8:00 AM -  4:00 PM Happy hour: 3:00 PM -  4:00 PM Today deal: No Specials,Bussines hour: 8:00 AM -  4:00 PM Happy hour: 3:00 PM -  4:00 PM Today deal: $10 Any Slice + Any Beer (except $10 beers),Bussines hour: 8:00 AM -  4:00 PM Happy hour: 3:00 PM -  4:00 PM Today deal: $10 Any Slice + Any Beer (except $10 beers),Bussines hour: 8:00 AM -  4:00 PM Happy hour: 3:00 PM -  4:00 PM Today deal: $10 Any Slice + Any Beer (except $10 beers),Bussines hour: 8:00 AM -  4:00 PM Happy hour: 3:00 PM -  4:00 PM Today deal: $10 Any Slice + Any Beer (except $10 beers),Bussines hour: 7:00 AM -  4:00 PM Happy hour: Not Happy Hour Today deal: $10 Any Slice + Any Beer (except $10 beers)
27,Pioneer BBQ ,"8622 Lake Murray Blvd. San Diego, CA 92119",(619) 825-7787,Bussines hour: 7:00 AM -  4:00 PM Happy hour: Not Happy Hour Today deal: No Specials,Bussines hour: 8:00 AM -  4:00 PM Happy hour: 3:00 PM -  4:00 PM Today deal: No Specials,Bussines hour: 8:00 AM -  4:00 PM Happy hour: 3:00 PM -  4:00 PM Today deal: $10 Any Slice + Any Beer (except $10 beers),Bussines hour: 8:00 AM -  4:00 PM Happy hour: 3:00 PM -  4:00 PM Today deal: $10 Any Slice + Any Beer (except $10 beers),Bussines hour: 8:00 AM -  4:00 PM Happy hour: 3:00 PM -  4:00 PM Today deal: $10 Any Slice + Any Beer (except $10 beers),Bussines hour: 8:00 AM -  4:00 PM Happy hour: 3:00 PM -  4:00 PM Today deal: $10 Any Slice + Any Beer (except $10 beers),Bussines hour: 7:00 AM -  4:00 PM Happy hour: Not Happy Hour Today deal: $10 Any Slice + Any Beer (except $10 beers)
28,Aqua Mare Cucina Italiana," 2282 Carmel Valley Rd Del Mar, CA 92014",(858) 755-7100,Bussines hour: 7:00 AM -  4:00 PM Happy hour: Not Happy Hour Today deal: No Specials,Bussines hour: 8:00 AM -  4:00 PM Happy hour: 3:00 PM -  4:00 PM Today deal: No Specials,Bussines hour: 8:00 AM -  4:00 PM Happy hour: 3:00 PM -  4:00 PM Today deal: $10 Any Slice + Any Beer (except $10 beers),Bussines hour: 8:00 AM -  4:00 PM Happy hour: 3:00 PM -  4:00 PM Today deal: $10 Any Slice + Any Beer (except $10 beers),Bussines hour: 8:00 AM -  4:00 PM Happy hour: 3:00 PM -  4:00 PM Today deal: $10 Any Slice + Any Beer (except $10 beers),Bussines hour: 8:00 AM -  4:00 PM Happy hour: 3:00 PM -  4:00 PM Today deal: $10 Any Slice + Any Beer (except $10 beers),Bussines hour: 7:00 AM -  4:00 PM Happy hour: Not Happy Hour Today deal: $10 Any Slice + Any Beer (except $10 beers)
29,Bare Back Bar & Grill,"4640 Mission Blvd. San Diego, CA 92109",(858) 274-7117,Bussines hour: 7:00 AM -  4:00 PM Happy hour: Not Happy Hour Today deal: No Specials,Bussines hour: 8:00 AM -  4:00 PM Happy hour: 3:00 PM -  4:00 PM Today deal: No Specials,Bussines hour: 8:00 AM -  4:00 PM Happy hour: 3:00 PM -  4:00 PM Today deal: $10 Any Slice + Any Beer (except $10 beers),Bussines hour: 8:00 AM -  4:00 PM Happy hour: 3:00 PM -  4:00 PM Today deal: $10 Any Slice + Any Beer (except $10 beers),Bussines hour: 8:00 AM -  4:00 PM Happy hour: 3:00 PM -  4:00 PM Today deal: $10 Any Slice + Any Beer (except $10 beers),Bussines hour: 8:00 AM -  4:00 PM Happy hour: 3:00 PM -  4:00 PM Today deal: $10 Any Slice + Any Beer (except $10 beers),Bussines hour: 7:00 AM -  4:00 PM Happy hour: Not Happy Hour Today deal: $10 Any Slice + Any Beer (except $10 beers)
30,Draft Republic,"5958 Avenida Encinas Carlsbad, CA 92008",(760) 448-4627,Bussines hour: 7:00 AM -  4:00 PM Happy hour: Not Happy Hour Today deal: No Specials,Bussines hour: 8:00 AM -  4:00 PM Happy hour: 3:00 PM -  4:00 PM Today deal: No Specials,Bussines hour: 8:00 AM -  4:00 PM Happy hour: 3:00 PM -  4:00 PM Today deal: $10 Any Slice + Any Beer (except $10 beers),Bussines hour: 8:00 AM -  4:00 PM Happy hour: 3:00 PM -  4:00 PM Today deal: $10 Any Slice + Any Beer (except $10 beers),Bussines hour: 8:00 AM -  4:00 PM Happy hour: 3:00 PM -  4:00 PM Today deal: $10 Any Slice + Any Beer (except $10 beers),Bussines hour: 8:00 AM -  4:00 PM Happy hour: 3:00 PM -  4:00 PM Today deal: $10 Any Slice + Any Beer (except $10 beers),Bussines hour: 7:00 AM -  4:00 PM Happy hour: Not Happy Hour Today deal: $10 Any Slice + Any Beer (except $10 beers)
31,Draft Republic,"255 Redel Rd. San Marcos, CA 92078",(760) 290-3520,Bussines hour: 7:00 AM -  4:00 PM Happy hour: Not Happy Hour Today deal: No Specials,Bussines hour: 8:00 AM -  4:00 PM Happy hour: 3:00 PM -  4:00 PM Today deal: No Specials,Bussines hour: 8:00 AM -  4:00 PM Happy hour: 3:00 PM -  4:00 PM Today deal: $10 Any Slice + Any Beer (except $10 beers),Bussines hour: 8:00 AM -  4:00 PM Happy hour: 3:00 PM -  4:00 PM Today deal: $10 Any Slice + Any Beer (except $10 beers),Bussines hour: 8:00 AM -  4:00 PM Happy hour: 3:00 PM -  4:00 PM Today deal: $10 Any Slice + Any Beer (except $10 beers),Bussines hour: 8:00 AM -  4:00 PM Happy hour: 3:00 PM -  4:00 PM Today deal: $10 Any Slice + Any Beer (except $10 beers),Bussines hour: 7:00 AM -  4:00 PM Happy hour: Not Happy Hour Today deal: $10 Any Slice + Any Beer (except $10 beers)
32,Crazee Burger,"3993 30th St. San Diego, CA 92104",(619) 282-6044,Bussines hour: 7:00 AM -  4:00 PM Happy hour: Not Happy Hour Today deal: No Specials,Bussines hour: 8:00 AM -  4:00 PM Happy hour: 3:00 PM -  4:00 PM Today deal: No Specials,Bussines hour: 8:00 AM -  4:00 PM Happy hour: 3:00 PM -  4:00 PM Today deal: $10 Any Slice + Any Beer (except $10 beers),Bussines hour: 8:00 AM -  4:00 PM Happy hour: 3:00 PM -  4:00 PM Today deal: $10 Any Slice + Any Beer (except $10 beers),Bussines hour: 8:00 AM -  4:00 PM Happy hour: 3:00 PM -  4:00 PM Today deal: $10 Any Slice + Any Beer (except $10 beers),Bussines hour: 8:00 AM -  4:00 PM Happy hour: 3:00 PM -  4:00 PM Today deal: $10 Any Slice + Any Beer (except $10 beers),Bussines hour: 7:00 AM -  4:00 PM Happy hour: Not Happy Hour Today deal: $10 Any Slice + Any Beer (except $10 beers)
33,BullsEye Bar @ Black Angus Steakhouse,"707 E St. Chula Vista, CA 91910",(619) 426-9200 ,Bussines hour: 7:00 AM -  4:00 PM Happy hour: Not Happy Hour Today deal: No Specials,Bussines hour: 8:00 AM -  4:00 PM Happy hour: 3:00 PM -  4:00 PM Today deal: No Specials,Bussines hour: 8:00 AM -  4:00 PM Happy hour: 3:00 PM -  4:00 PM Today deal: $10 Any Slice + Any Beer (except $10 beers),Bussines hour: 8:00 AM -  4:00 PM Happy hour: 3:00 PM -  4:00 PM Today deal: $10 Any Slice + Any Beer (except $10 beers),Bussines hour: 8:00 AM -  4:00 PM Happy hour: 3:00 PM -  4:00 PM Today deal: $10 Any Slice + Any Beer (except $10 beers),Bussines hour: 8:00 AM -  4:00 PM Happy hour: 3:00 PM -  4:00 PM Today deal: $10 Any Slice + Any Beer (except $10 beers),Bussines hour: 7:00 AM -  4:00 PM Happy hour: Not Happy Hour Today deal: $10 Any Slice + Any Beer (except $10 beers)
34,BullsEye Bar @ Black Angus Steakhouse,"296 E. Via Rancho Parkway Escondido, CA 92025",(760) 489-8420,Bussines hour: 7:00 AM -  4:00 PM Happy hour: Not Happy Hour Today deal: No Specials,Bussines hour: 8:00 AM -  4:00 PM Happy hour: 3:00 PM -  4:00 PM Today deal: No Specials,Bussines hour: 8:00 AM -  4:00 PM Happy hour: 3:00 PM -  4:00 PM Today deal: $10 Any Slice + Any Beer (except $10 beers),Bussines hour: 8:00 AM -  4:00 PM Happy hour: 3:00 PM -  4:00 PM Today deal: $10 Any Slice + Any Beer (except $10 beers),Bussines hour: 8:00 AM -  4:00 PM Happy hour: 3:00 PM -  4:00 PM Today deal: $10 Any Slice + Any Beer (except $10 beers),Bussines hour: 8:00 AM -  4:00 PM Happy hour: 3:00 PM -  4:00 PM Today deal: $10 Any Slice + Any Beer (except $10 beers),Bussines hour: 7:00 AM -  4:00 PM Happy hour: Not Happy Hour Today deal: $10 Any Slice + Any Beer (except $10 beers)
35,Chili's Grill & Bar,"3494 Sports Arena Blvd. San Diego, CA 92110",(619) 223-1107,Bussines hour: 7:00 AM -  4:00 PM Happy hour: Not Happy Hour Today deal: No Specials,Bussines hour: 8:00 AM -  4:00 PM Happy hour: 3:00 PM -  4:00 PM Today deal: No Specials,Bussines hour: 8:00 AM -  4:00 PM Happy hour: 3:00 PM -  4:00 PM Today deal: $10 Any Slice + Any Beer (except $10 beers),Bussines hour: 8:00 AM -  4:00 PM Happy hour: 3:00 PM -  4:00 PM Today deal: $10 Any Slice + Any Beer (except $10 beers),Bussines hour: 8:00 AM -  4:00 PM Happy hour: 3:00 PM -  4:00 PM Today deal: $10 Any Slice + Any Beer (except $10 beers),Bussines hour: 8:00 AM -  4:00 PM Happy hour: 3:00 PM -  4:00 PM Today deal: $10 Any Slice + Any Beer (except $10 beers),Bussines hour: 7:00 AM -  4:00 PM Happy hour: Not Happy Hour Today deal: $10 Any Slice + Any Beer (except $10 beers)
36,Las Hadas Bar & Grill,"558 Fourth Ave. San Diego, CA 92101",(619) 232-1720,Bussines hour: 7:00 AM -  4:00 PM Happy hour: Not Happy Hour Today deal: No Specials,Bussines hour: 8:00 AM -  4:00 PM Happy hour: 3:00 PM -  4:00 PM Today deal: No Specials,Bussines hour: 8:00 AM -  4:00 PM Happy hour: 3:00 PM -  4:00 PM Today deal: $10 Any Slice + Any Beer (except $10 beers),Bussines hour: 8:00 AM -  4:00 PM Happy hour: 3:00 PM -  4:00 PM Today deal: $10 Any Slice + Any Beer (except $10 beers),Bussines hour: 8:00 AM -  4:00 PM Happy hour: 3:00 PM -  4:00 PM Today deal: $10 Any Slice + Any Beer (except $10 beers),Bussines hour: 8:00 AM -  4:00 PM Happy hour: 3:00 PM -  4:00 PM Today deal: $10 Any Slice + Any Beer (except $10 beers),Bussines hour: 7:00 AM -  4:00 PM Happy hour: Not Happy Hour Today deal: $10 Any Slice + Any Beer (except $10 beers)
37,Taste & Thirst,"715 Fourth Ave. San Diego, CA 92101",(619) 955-5995,Bussines hour: 7:00 AM -  4:00 PM Happy hour: Not Happy Hour Today deal: No Specials,Bussines hour: 8:00 AM -  4:00 PM Happy hour: 3:00 PM -  4:00 PM Today deal: No Specials,Bussines hour: 8:00 AM -  4:00 PM Happy hour: 3:00 PM -  4:00 PM Today deal: $10 Any Slice + Any Beer (except $10 beers),Bussines hour: 8:00 AM -  4:00 PM Happy hour: 3:00 PM -  4:00 PM Today deal: $10 Any Slice + Any Beer (except $10 beers),Bussines hour: 8:00 AM -  4:00 PM Happy hour: 3:00 PM -  4:00 PM Today deal: $10 Any Slice + Any Beer (except $10 beers),Bussines hour: 8:00 AM -  4:00 PM Happy hour: 3:00 PM -  4:00 PM Today deal: $10 Any Slice + Any Beer (except $10 beers),Bussines hour: 7:00 AM -  4:00 PM Happy hour: Not Happy Hour Today deal: $10 Any Slice + Any Beer (except $10 beers)
38,Chili's Grill & Bar,"2627 Vista Way Oceanside, CA 92054",(760) 967-1064,Bussines hour: 7:00 AM -  4:00 PM Happy hour: Not Happy Hour Today deal: No Specials,Bussines hour: 8:00 AM -  4:00 PM Happy hour: 3:00 PM -  4:00 PM Today deal: No Specials,Bussines hour: 8:00 AM -  4:00 PM Happy hour: 3:00 PM -  4:00 PM Today deal: $10 Any Slice + Any Beer (except $10 beers),Bussines hour: 8:00 AM -  4:00 PM Happy hour: 3:00 PM -  4:00 PM Today deal: $10 Any Slice + Any Beer (except $10 beers),Bussines hour: 8:00 AM -  4:00 PM Happy hour: 3:00 PM -  4:00 PM Today deal: $10 Any Slice + Any Beer (except $10 beers),Bussines hour: 8:00 AM -  4:00 PM Happy hour: 3:00 PM -  4:00 PM Today deal: $10 Any Slice + Any Beer (except $10 beers),Bussines hour: 7:00 AM -  4:00 PM Happy hour: Not Happy Hour Today deal: $10 Any Slice + Any Beer (except $10 beers)
39,710 Beach Club,"710 Garnet Ave. San Diego, CA 92109",(858) 483-7844,Bussines hour: 7:00 AM -  4:00 PM Happy hour: Not Happy Hour Today deal: No Specials,Bussines hour: 8:00 AM -  4:00 PM Happy hour: 3:00 PM -  4:00 PM Today deal: No Specials,Bussines hour: 8:00 AM -  4:00 PM Happy hour: 3:00 PM -  4:00 PM Today deal: $10 Any Slice + Any Beer (except $10 beers),Bussines hour: 8:00 AM -  4:00 PM Happy hour: 3:00 PM -  4:00 PM Today deal: $10 Any Slice + Any Beer (except $10 beers),Bussines hour: 8:00 AM -  4:00 PM Happy hour: 3:00 PM -  4:00 PM Today deal: $10 Any Slice + Any Beer (except $10 beers),Bussines hour: 8:00 AM -  4:00 PM Happy hour: 3:00 PM -  4:00 PM Today deal: $10 Any Slice + Any Beer (except $10 beers),Bussines hour: 7:00 AM -  4:00 PM Happy hour: Not Happy Hour Today deal: $10 Any Slice + Any Beer (except $10 beers)
40,Pacific Beach Shore Club,"4343 Ocean Blvd. San Diego, CA 92109",(858) 272-7873,Bussines hour: 7:00 AM -  4:00 PM Happy hour: Not Happy Hour Today deal: No Specials,Bussines hour: 8:00 AM -  4:00 PM Happy hour: 3:00 PM -  4:00 PM Today deal: No Specials,Bussines hour: 8:00 AM -  4:00 PM Happy hour: 3:00 PM -  4:00 PM Today deal: $10 Any Slice + Any Beer (except $10 beers),Bussines hour: 8:00 AM -  4:00 PM Happy hour: 3:00 PM -  4:00 PM Today deal: $10 Any Slice + Any Beer (except $10 beers),Bussines hour: 8:00 AM -  4:00 PM Happy hour: 3:00 PM -  4:00 PM Today deal: $10 Any Slice + Any Beer (except $10 beers),Bussines hour: 8:00 AM -  4:00 PM Happy hour: 3:00 PM -  4:00 PM Today deal: $10 Any Slice + Any Beer (except $10 beers),Bussines hour: 7:00 AM -  4:00 PM Happy hour: Not Happy Hour Today deal: $10 Any Slice + Any Beer (except $10 beers)
41,Bub's at the Beach,"1030 Garnet Ave. San Diego, CA 92109",(858) 270-7269,Bussines hour: 7:00 AM -  4:00 PM Happy hour: Not Happy Hour Today deal: No Specials,Bussines hour: 8:00 AM -  4:00 PM Happy hour: 3:00 PM -  4:00 PM Today deal: No Specials,Bussines hour: 8:00 AM -  4:00 PM Happy hour: 3:00 PM -  4:00 PM Today deal: $10 Any Slice + Any Beer (except $10 beers),Bussines hour: 8:00 AM -  4:00 PM Happy hour: 3:00 PM -  4:00 PM Today deal: $10 Any Slice + Any Beer (except $10 beers),Bussines hour: 8:00 AM -  4:00 PM Happy hour: 3:00 PM -  4:00 PM Today deal: $10 Any Slice + Any Beer (except $10 beers),Bussines hour: 8:00 AM -  4:00 PM Happy hour: 3:00 PM -  4:00 PM Today deal: $10 Any Slice + Any Beer (except $10 beers),Bussines hour: 7:00 AM -  4:00 PM Happy hour: Not Happy Hour Today deal: $10 Any Slice + Any Beer (except $10 beers)
42,Duke's La Jolla,"1216 Prospect St. La Jolla, CA 92037",(858) 454-5888,Bussines hour: 7:00 AM -  4:00 PM Happy hour: Not Happy Hour Today deal: No Specials,Bussines hour: 8:00 AM -  4:00 PM Happy hour: 3:00 PM -  4:00 PM Today deal: No Specials,Bussines hour: 8:00 AM -  4:00 PM Happy hour: 3:00 PM -  4:00 PM Today deal: $10 Any Slice + Any Beer (except $10 beers),Bussines hour: 8:00 AM -  4:00 PM Happy hour: 3:00 PM -  4:00 PM Today deal: $10 Any Slice + Any Beer (except $10 beers),Bussines hour: 8:00 AM -  4:00 PM Happy hour: 3:00 PM -  4:00 PM Today deal: $10 Any Slice + Any Beer (except $10 beers),Bussines hour: 8:00 AM -  4:00 PM Happy hour: 3:00 PM -  4:00 PM Today deal: $10 Any Slice + Any Beer (except $10 beers),Bussines hour: 7:00 AM -  4:00 PM Happy hour: Not Happy Hour Today deal: $10 Any Slice + Any Beer (except $10 beers)
43,Dunedin,"3501 30th St. San Diego, CA 92104",(619) 255-8566,Bussines hour: 7:00 AM -  4:00 PM Happy hour: Not Happy Hour Today deal: No Specials,Bussines hour: 8:00 AM -  4:00 PM Happy hour: 3:00 PM -  4:00 PM Today deal: No Specials,Bussines hour: 8:00 AM -  4:00 PM Happy hour: 3:00 PM -  4:00 PM Today deal: $10 Any Slice + Any Beer (except $10 beers),Bussines hour: 8:00 AM -  4:00 PM Happy hour: 3:00 PM -  4:00 PM Today deal: $10 Any Slice + Any Beer (except $10 beers),Bussines hour: 8:00 AM -  4:00 PM Happy hour: 3:00 PM -  4:00 PM Today deal: $10 Any Slice + Any Beer (except $10 beers),Bussines hour: 8:00 AM -  4:00 PM Happy hour: 3:00 PM -  4:00 PM Today deal: $10 Any Slice + Any Beer (except $10 beers),Bussines hour: 7:00 AM -  4:00 PM Happy hour: Not Happy Hour Today deal: $10 Any Slice + Any Beer (except $10 beers)
44,Yard House,"1640 Camino del Rio North San Diego, CA 92108",(619) 574-0468,Bussines hour: 7:00 AM -  4:00 PM Happy hour: Not Happy Hour Today deal: No Specials,Bussines hour: 8:00 AM -  4:00 PM Happy hour: 3:00 PM -  4:00 PM Today deal: No Specials,Bussines hour: 8:00 AM -  4:00 PM Happy hour: 3:00 PM -  4:00 PM Today deal: $10 Any Slice + Any Beer (except $10 beers),Bussines hour: 8:00 AM -  4:00 PM Happy hour: 3:00 PM -  4:00 PM Today deal: $10 Any Slice + Any Beer (except $10 beers),Bussines hour: 8:00 AM -  4:00 PM Happy hour: 3:00 PM -  4:00 PM Today deal: $10 Any Slice + Any Beer (except $10 beers),Bussines hour: 8:00 AM -  4:00 PM Happy hour: 3:00 PM -  4:00 PM Today deal: $10 Any Slice + Any Beer (except $10 beers),Bussines hour: 7:00 AM -  4:00 PM Happy hour: Not Happy Hour Today deal: $10 Any Slice + Any Beer (except $10 beers)
45,The Local Pacific Beach,"809 Thomas Ave. San Diego, CA 92109",(858) 263-7475,Bussines hour: 7:00 AM -  4:00 PM Happy hour: Not Happy Hour Today deal: No Specials,Bussines hour: 8:00 AM -  4:00 PM Happy hour: 3:00 PM -  4:00 PM Today deal: No Specials,Bussines hour: 8:00 AM -  4:00 PM Happy hour: 3:00 PM -  4:00 PM Today deal: $10 Any Slice + Any Beer (except $10 beers),Bussines hour: 8:00 AM -  4:00 PM Happy hour: 3:00 PM -  4:00 PM Today deal: $10 Any Slice + Any Beer (except $10 beers),Bussines hour: 8:00 AM -  4:00 PM Happy hour: 3:00 PM -  4:00 PM Today deal: $10 Any Slice + Any Beer (except $10 beers),Bussines hour: 8:00 AM -  4:00 PM Happy hour: 3:00 PM -  4:00 PM Today deal: $10 Any Slice + Any Beer (except $10 beers),Bussines hour: 7:00 AM -  4:00 PM Happy hour: Not Happy Hour Today deal: $10 Any Slice + Any Beer (except $10 beers)
46,South Beach Bar & Grille,"5059 Newport Ave. San Diego, CA 92107",(619) 226-4577,Bussines hour: 7:00 AM -  4:00 PM Happy hour: Not Happy Hour Today deal: No Specials,Bussines hour: 8:00 AM -  4:00 PM Happy hour: 3:00 PM -  4:00 PM Today deal: No Specials,Bussines hour: 8:00 AM -  4:00 PM Happy hour: 3:00 PM -  4:00 PM Today deal: $10 Any Slice + Any Beer (except $10 beers),Bussines hour: 8:00 AM -  4:00 PM Happy hour: 3:00 PM -  4:00 PM Today deal: $10 Any Slice + Any Beer (except $10 beers),Bussines hour: 8:00 AM -  4:00 PM Happy hour: 3:00 PM -  4:00 PM Today deal: $10 Any Slice + Any Beer (except $10 beers),Bussines hour: 8:00 AM -  4:00 PM Happy hour: 3:00 PM -  4:00 PM Today deal: $10 Any Slice + Any Beer (except $10 beers),Bussines hour: 7:00 AM -  4:00 PM Happy hour: Not Happy Hour Today deal: $10 Any Slice + Any Beer (except $10 beers)
47,American Junkie,"628 Fifth Ave. San Diego, CA 92101",(619) 255-1981,Bussines hour: 7:00 AM -  4:00 PM Happy hour: Not Happy Hour Today deal: No Specials,Bussines hour: 8:00 AM -  4:00 PM Happy hour: 3:00 PM -  4:00 PM Today deal: No Specials,Bussines hour: 8:00 AM -  4:00 PM Happy hour: 3:00 PM -  4:00 PM Today deal: $10 Any Slice + Any Beer (except $10 beers),Bussines hour: 8:00 AM -  4:00 PM Happy hour: 3:00 PM -  4:00 PM Today deal: $10 Any Slice + Any Beer (except $10 beers),Bussines hour: 8:00 AM -  4:00 PM Happy hour: 3:00 PM -  4:00 PM Today deal: $10 Any Slice + Any Beer (except $10 beers),Bussines hour: 8:00 AM -  4:00 PM Happy hour: 3:00 PM -  4:00 PM Today deal: $10 Any Slice + Any Beer (except $10 beers),Bussines hour: 7:00 AM -  4:00 PM Happy hour: Not Happy Hour Today deal: $10 Any Slice + Any Beer (except $10 beers)
48,Garage Kitchen + Bar,"655 Fourth Ave. San Diego, CA 92101",(619) 231-6700,Bussines hour: 7:00 AM -  4:00 PM Happy hour: Not Happy Hour Today deal: No Specials,Bussines hour: 8:00 AM -  4:00 PM Happy hour: 3:00 PM -  4:00 PM Today deal: No Specials,Bussines hour: 8:00 AM -  4:00 PM Happy hour: 3:00 PM -  4:00 PM Today deal: $10 Any Slice + Any Beer (except $10 beers),Bussines hour: 8:00 AM -  4:00 PM Happy hour: 3:00 PM -  4:00 PM Today deal: $10 Any Slice + Any Beer (except $10 beers),Bussines hour: 8:00 AM -  4:00 PM Happy hour: 3:00 PM -  4:00 PM Today deal: $10 Any Slice + Any Beer (except $10 beers),Bussines hour: 8:00 AM -  4:00 PM Happy hour: 3:00 PM -  4:00 PM Today deal: $10 Any Slice + Any Beer (except $10 beers),Bussines hour: 7:00 AM -  4:00 PM Happy hour: Not Happy Hour Today deal: $10 Any Slice + Any Beer (except $10 beers)
49,King and Queen Cantina,"1490 Kettner Blvd. San Diego, CA 92101",(619) 756-7864,Bussines hour: 7:00 AM -  4:00 PM Happy hour: Not Happy Hour Today deal: No Specials,Bussines hour: 8:00 AM -  4:00 PM Happy hour: 3:00 PM -  4:00 PM Today deal: No Specials,Bussines hour: 8:00 AM -  4:00 PM Happy hour: 3:00 PM -  4:00 PM Today deal: $10 Any Slice + Any Beer (except $10 beers),Bussines hour: 8:00 AM -  4:00 PM Happy hour: 3:00 PM -  4:00 PM Today deal: $10 Any Slice + Any Beer (except $10 beers),Bussines hour: 8:00 AM -  4:00 PM Happy hour: 3:00 PM -  4:00 PM Today deal: $10 Any Slice + Any Beer (except $10 beers),Bussines hour: 8:00 AM -  4:00 PM Happy hour: 3:00 PM -  4:00 PM Today deal: $10 Any Slice + Any Beer (except $10 beers),Bussines hour: 7:00 AM -  4:00 PM Happy hour: Not Happy Hour Today deal: $10 Any Slice + Any Beer (except $10 beers)
50,Nolita Hall,"2305 India St. San Diego, CA 92101",(619) 255-8000,Bussines hour: 7:00 AM -  4:00 PM Happy hour: Not Happy Hour Today deal: No Specials,Bussines hour: 8:00 AM -  4:00 PM Happy hour: 3:00 PM -  4:00 PM Today deal: No Specials,Bussines hour: 8:00 AM -  4:00 PM Happy hour: 3:00 PM -  4:00 PM Today deal: $10 Any Slice + Any Beer (except $10 beers),Bussines hour: 8:00 AM -  4:00 PM Happy hour: 3:00 PM -  4:00 PM Today deal: $10 Any Slice + Any Beer (except $10 beers),Bussines hour: 8:00 AM -  4:00 PM Happy hour: 3:00 PM -  4:00 PM Today deal: $10 Any Slice + Any Beer (except $10 beers),Bussines hour: 8:00 AM -  4:00 PM Happy hour: 3:00 PM -  4:00 PM Today deal: $10 Any Slice + Any Beer (except $10 beers),Bussines hour: 7:00 AM -  4:00 PM Happy hour: Not Happy Hour Today deal: $10 Any Slice + Any Beer (except $10 beers)
51,insideOUT,"1642 University Ave. #100 San Diego, CA 92103",(619) 888-8623,Bussines hour: 7:00 AM -  4:00 PM Happy hour: Not Happy Hour Today deal: No Specials,Bussines hour: 8:00 AM -  4:00 PM Happy hour: 3:00 PM -  4:00 PM Today deal: No Specials,Bussines hour: 8:00 AM -  4:00 PM Happy hour: 3:00 PM -  4:00 PM Today deal: $10 Any Slice + Any Beer (except $10 beers),Bussines hour: 8:00 AM -  4:00 PM Happy hour: 3:00 PM -  4:00 PM Today deal: $10 Any Slice + Any Beer (except $10 beers),Bussines hour: 8:00 AM -  4:00 PM Happy hour: 3:00 PM -  4:00 PM Today deal: $10 Any Slice + Any Beer (except $10 beers),Bussines hour: 8:00 AM -  4:00 PM Happy hour: 3:00 PM -  4:00 PM Today deal: $10 Any Slice + Any Beer (except $10 beers),Bussines hour: 7:00 AM -  4:00 PM Happy hour: Not Happy Hour Today deal: $10 Any Slice + Any Beer (except $10 beers)
52,The Holding Company,"5046 Newport Ave. San Diego, CA 92107",(619) 341-5898,Bussines hour: 7:00 AM -  4:00 PM Happy hour: Not Happy Hour Today deal: No Specials,Bussines hour: 8:00 AM -  4:00 PM Happy hour: 3:00 PM -  4:00 PM Today deal: No Specials,Bussines hour: 8:00 AM -  4:00 PM Happy hour: 3:00 PM -  4:00 PM Today deal: $10 Any Slice + Any Beer (except $10 beers),Bussines hour: 8:00 AM -  4:00 PM Happy hour: 3:00 PM -  4:00 PM Today deal: $10 Any Slice + Any Beer (except $10 beers),Bussines hour: 8:00 AM -  4:00 PM Happy hour: 3:00 PM -  4:00 PM Today deal: $10 Any Slice + Any Beer (except $10 beers),Bussines hour: 8:00 AM -  4:00 PM Happy hour: 3:00 PM -  4:00 PM Today deal: $10 Any Slice + Any Beer (except $10 beers),Bussines hour: 7:00 AM -  4:00 PM Happy hour: Not Happy Hour Today deal: $10 Any Slice + Any Beer (except $10 beers)
53,Las Tres Catrinas,"555 Broadway Suite 1084 Chula Vista, CA 91910",(619) 595-6096,Bussines hour: 7:00 AM -  4:00 PM Happy hour: Not Happy Hour Today deal: No Specials,Bussines hour: 8:00 AM -  4:00 PM Happy hour: 3:00 PM -  4:00 PM Today deal: No Specials,Bussines hour: 8:00 AM -  4:00 PM Happy hour: 3:00 PM -  4:00 PM Today deal: $10 Any Slice + Any Beer (except $10 beers),Bussines hour: 8:00 AM -  4:00 PM Happy hour: 3:00 PM -  4:00 PM Today deal: $10 Any Slice + Any Beer (except $10 beers),Bussines hour: 8:00 AM -  4:00 PM Happy hour: 3:00 PM -  4:00 PM Today deal: $10 Any Slice + Any Beer (except $10 beers),Bussines hour: 8:00 AM -  4:00 PM Happy hour: 3:00 PM -  4:00 PM Today deal: $10 Any Slice + Any Beer (except $10 beers),Bussines hour: 7:00 AM -  4:00 PM Happy hour: Not Happy Hour Today deal: $10 Any Slice + Any Beer (except $10 beers)
54,Allegro,"1536 India Street San Diego, CA 92101",(619) 310-6996,Bussines hour: 7:00 AM -  4:00 PM Happy hour: Not Happy Hour Today deal: No Specials,Bussines hour: 8:00 AM -  4:00 PM Happy hour: 3:00 PM -  4:00 PM Today deal: No Specials,Bussines hour: 8:00 AM -  4:00 PM Happy hour: 3:00 PM -  4:00 PM Today deal: $10 Any Slice + Any Beer (except $10 beers),Bussines hour: 8:00 AM -  4:00 PM Happy hour: 3:00 PM -  4:00 PM Today deal: $10 Any Slice + Any Beer (except $10 beers),Bussines hour: 8:00 AM -  4:00 PM Happy hour: 3:00 PM -  4:00 PM Today deal: $10 Any Slice + Any Beer (except $10 beers),Bussines hour: 8:00 AM -  4:00 PM Happy hour: 3:00 PM -  4:00 PM Today deal: $10 Any Slice + Any Beer (except $10 beers),Bussines hour: 7:00 AM -  4:00 PM Happy hour: Not Happy Hour Today deal: $10 Any Slice + Any Beer (except $10 beers)
55,Wheat & Water,"5737 La Jolla Blvd. La Jolla, CA 92037",(858) 291-8690,Bussines hour: 7:00 AM -  4:00 PM Happy hour: Not Happy Hour Today deal: No Specials,Bussines hour: 8:00 AM -  4:00 PM Happy hour: 3:00 PM -  4:00 PM Today deal: No Specials,Bussines hour: 8:00 AM -  4:00 PM Happy hour: 3:00 PM -  4:00 PM Today deal: $10 Any Slice + Any Beer (except $10 beers),Bussines hour: 8:00 AM -  4:00 PM Happy hour: 3:00 PM -  4:00 PM Today deal: $10 Any Slice + Any Beer (except $10 beers),Bussines hour: 8:00 AM -  4:00 PM Happy hour: 3:00 PM -  4:00 PM Today deal: $10 Any Slice + Any Beer (except $10 beers),Bussines hour: 8:00 AM -  4:00 PM Happy hour: 3:00 PM -  4:00 PM Today deal: $10 Any Slice + Any Beer (except $10 beers),Bussines hour: 7:00 AM -  4:00 PM Happy hour: Not Happy Hour Today deal: $10 Any Slice + Any Beer (except $10 beers)
56,Pacific Beach Shore Club,"4343 Ocean Blvd. San Diego, CA 92109",(858) 272-7873,Bussines hour: 7:00 AM -  4:00 PM Happy hour: Not Happy Hour Today deal: No Specials,Bussines hour: 8:00 AM -  4:00 PM Happy hour: 3:00 PM -  4:00 PM Today deal: No Specials,Bussines hour: 8:00 AM -  4:00 PM Happy hour: 3:00 PM -  4:00 PM Today deal: $10 Any Slice + Any Beer (except $10 beers),Bussines hour: 8:00 AM -  4:00 PM Happy hour: 3:00 PM -  4:00 PM Today deal: $10 Any Slice + Any Beer (except $10 beers),Bussines hour: 8:00 AM -  4:00 PM Happy hour: 3:00 PM -  4:00 PM Today deal: $10 Any Slice + Any Beer (except $10 beers),Bussines hour: 8:00 AM -  4:00 PM Happy hour: 3:00 PM -  4:00 PM Today deal: $10 Any Slice + Any Beer (except $10 beers),Bussines hour: 7:00 AM -  4:00 PM Happy hour: Not Happy Hour Today deal: $10 Any Slice + Any Beer (except $10 beers)
57,BJ's Restaurant & Brewery,"1370 Frazee Rd. San Diego, CA 92108",(619) 814-6350,Bussines hour: 7:00 AM -  4:00 PM Happy hour: Not Happy Hour Today deal: No Specials,Bussines hour: 8:00 AM -  4:00 PM Happy hour: 3:00 PM -  4:00 PM Today deal: No Specials,Bussines hour: 8:00 AM -  4:00 PM Happy hour: 3:00 PM -  4:00 PM Today deal: $10 Any Slice + Any Beer (except $10 beers),Bussines hour: 8:00 AM -  4:00 PM Happy hour: 3:00 PM -  4:00 PM Today deal: $10 Any Slice + Any Beer (except $10 beers),Bussines hour: 8:00 AM -  4:00 PM Happy hour: 3:00 PM -  4:00 PM Today deal: $10 Any Slice + Any Beer (except $10 beers),Bussines hour: 8:00 AM -  4:00 PM Happy hour: 3:00 PM -  4:00 PM Today deal: $10 Any Slice + Any Beer (except $10 beers),Bussines hour: 7:00 AM -  4:00 PM Happy hour: Not Happy Hour Today deal: $10 Any Slice + Any Beer (except $10 beers)
58,Khan's Cave Asian Tavern & Grill,"9350 Clairemont Mesa Blvd., Ste F San Diego, CA 92123",(858) 279-9799,Bussines hour: 7:00 AM -  4:00 PM Happy hour: Not Happy Hour Today deal: No Specials,Bussines hour: 8:00 AM -  4:00 PM Happy hour: 3:00 PM -  4:00 PM Today deal: No Specials,Bussines hour: 8:00 AM -  4:00 PM Happy hour: 3:00 PM -  4:00 PM Today deal: $10 Any Slice + Any Beer (except $10 beers),Bussines hour: 8:00 AM -  4:00 PM Happy hour: 3:00 PM -  4:00 PM Today deal: $10 Any Slice + Any Beer (except $10 beers),Bussines hour: 8:00 AM -  4:00 PM Happy hour: 3:00 PM -  4:00 PM Today deal: $10 Any Slice + Any Beer (except $10 beers),Bussines hour: 8:00 AM -  4:00 PM Happy hour: 3:00 PM -  4:00 PM Today deal: $10 Any Slice + Any Beer (except $10 beers),Bussines hour: 7:00 AM -  4:00 PM Happy hour: Not Happy Hour Today deal: $10 Any Slice + Any Beer (except $10 beers)
59,BJ's Restaurant and Brewery,"5500 Grossmont Center Dr. La Mesa, CA 91941",(619) 589-7222,Bussines hour: 7:00 AM -  4:00 PM Happy hour: Not Happy Hour Today deal: No Specials,Bussines hour: 8:00 AM -  4:00 PM Happy hour: 3:00 PM -  4:00 PM Today deal: No Specials,Bussines hour: 8:00 AM -  4:00 PM Happy hour: 3:00 PM -  4:00 PM Today deal: $10 Any Slice + Any Beer (except $10 beers),Bussines hour: 8:00 AM -  4:00 PM Happy hour: 3:00 PM -  4:00 PM Today deal: $10 Any Slice + Any Beer (except $10 beers),Bussines hour: 8:00 AM -  4:00 PM Happy hour: 3:00 PM -  4:00 PM Today deal: $10 Any Slice + Any Beer (except $10 beers),Bussines hour: 8:00 AM -  4:00 PM Happy hour: 3:00 PM -  4:00 PM Today deal: $10 Any Slice + Any Beer (except $10 beers),Bussines hour: 7:00 AM -  4:00 PM Happy hour: Not Happy Hour Today deal: $10 Any Slice + Any Beer (except $10 beers)
60,BullsEye Bar @ Black Angus Steakhouse,"296 E. Via Rancho Parkway Escondido, CA 92025",(760) 489-8420,Bussines hour: 7:00 AM -  4:00 PM Happy hour: Not Happy Hour Today deal: No Specials,Bussines hour: 8:00 AM -  4:00 PM Happy hour: 3:00 PM -  4:00 PM Today deal: No Specials,Bussines hour: 8:00 AM -  4:00 PM Happy hour: 3:00 PM -  4:00 PM Today deal: $10 Any Slice + Any Beer (except $10 beers),Bussines hour: 8:00 AM -  4:00 PM Happy hour: 3:00 PM -  4:00 PM Today deal: $10 Any Slice + Any Beer (except $10 beers),Bussines hour: 8:00 AM -  4:00 PM Happy hour: 3:00 PM -  4:00 PM Today deal: $10 Any Slice + Any Beer (except $10 beers),Bussines hour: 8:00 AM -  4:00 PM Happy hour: 3:00 PM -  4:00 PM Today deal: $10 Any Slice + Any Beer (except $10 beers),Bussines hour: 7:00 AM -  4:00 PM Happy hour: Not Happy Hour Today deal: $10 Any Slice + Any Beer (except $10 beers)
61,Yard House,"1640 Camino del Rio North San Diego, CA 92108",(619) 574-0468,Bussines hour: 7:00 AM -  4:00 PM Happy hour: Not Happy Hour Today deal: No Specials,Bussines hour: 8:00 AM -  4:00 PM Happy hour: 3:00 PM -  4:00 PM Today deal: No Specials,Bussines hour: 8:00 AM -  4:00 PM Happy hour: 3:00 PM -  4:00 PM Today deal: $10 Any Slice + Any Beer (except $10 beers),Bussines hour: 8:00 AM -  4:00 PM Happy hour: 3:00 PM -  4:00 PM Today deal: $10 Any Slice + Any Beer (except $10 beers),Bussines hour: 8:00 AM -  4:00 PM Happy hour: 3:00 PM -  4:00 PM Today deal: $10 Any Slice + Any Beer (except $10 beers),Bussines hour: 8:00 AM -  4:00 PM Happy hour: 3:00 PM -  4:00 PM Today deal: $10 Any Slice + Any Beer (except $10 beers),Bussines hour: 7:00 AM -  4:00 PM Happy hour: Not Happy Hour Today deal: $10 Any Slice + Any Beer (except $10 beers)
62,Break Point Bar & Restaurant ,"945 Garnet Ave. San Diego, CA 92109",(858) 274-4018,Bussines hour: 7:00 AM -  4:00 PM Happy hour: Not Happy Hour Today deal: No Specials,Bussines hour: 8:00 AM -  4:00 PM Happy hour: 3:00 PM -  4:00 PM Today deal: No Specials,Bussines hour: 8:00 AM -  4:00 PM Happy hour: 3:00 PM -  4:00 PM Today deal: $10 Any Slice + Any Beer (except $10 beers),Bussines hour: 8:00 AM -  4:00 PM Happy hour: 3:00 PM -  4:00 PM Today deal: $10 Any Slice + Any Beer (except $10 beers),Bussines hour: 8:00 AM -  4:00 PM Happy hour: 3:00 PM -  4:00 PM Today deal: $10 Any Slice + Any Beer (except $10 beers),Bussines hour: 8:00 AM -  4:00 PM Happy hour: 3:00 PM -  4:00 PM Today deal: $10 Any Slice + Any Beer (except $10 beers),Bussines hour: 7:00 AM -  4:00 PM Happy hour: Not Happy Hour Today deal: $10 Any Slice + Any Beer (except $10 beers)
63,Haig's Bar at Ocean's 11 Casino,"121 Brooks St. Oceanside, CA 92054",(760) 439-6988,Bussines hour: 7:00 AM -  4:00 PM Happy hour: Not Happy Hour Today deal: No Specials,Bussines hour: 8:00 AM -  4:00 PM Happy hour: 3:00 PM -  4:00 PM Today deal: No Specials,Bussines hour: 8:00 AM -  4:00 PM Happy hour: 3:00 PM -  4:00 PM Today deal: $10 Any Slice + Any Beer (except $10 beers),Bussines hour: 8:00 AM -  4:00 PM Happy hour: 3:00 PM -  4:00 PM Today deal: $10 Any Slice + Any Beer (except $10 beers),Bussines hour: 8:00 AM -  4:00 PM Happy hour: 3:00 PM -  4:00 PM Today deal: $10 Any Slice + Any Beer (except $10 beers),Bussines hour: 8:00 AM -  4:00 PM Happy hour: 3:00 PM -  4:00 PM Today deal: $10 Any Slice + Any Beer (except $10 beers),Bussines hour: 7:00 AM -  4:00 PM Happy hour: Not Happy Hour Today deal: $10 Any Slice + Any Beer (except $10 beers)
64,Redwing Bar & Grill,"4012 30th Street San Diego, CA 92104",(619) 281-8700,Bussines hour: 7:00 AM -  4:00 PM Happy hour: Not Happy Hour Today deal: No Specials,Bussines hour: 8:00 AM -  4:00 PM Happy hour: 3:00 PM -  4:00 PM Today deal: No Specials,Bussines hour: 8:00 AM -  4:00 PM Happy hour: 3:00 PM -  4:00 PM Today deal: $10 Any Slice + Any Beer (except $10 beers),Bussines hour: 8:00 AM -  4:00 PM Happy hour: 3:00 PM -  4:00 PM Today deal: $10 Any Slice + Any Beer (except $10 beers),Bussines hour: 8:00 AM -  4:00 PM Happy hour: 3:00 PM -  4:00 PM Today deal: $10 Any Slice + Any Beer (except $10 beers),Bussines hour: 8:00 AM -  4:00 PM Happy hour: 3:00 PM -  4:00 PM Today deal: $10 Any Slice + Any Beer (except $10 beers),Bussines hour: 7:00 AM -  4:00 PM Happy hour: Not Happy Hour Today deal: $10 Any Slice + Any Beer (except $10 beers)
65,Mr. Peabody's,"136 Encinitas Blvd. Encinitas, CA 92024",(760) 753-7192,Bussines hour: 7:00 AM -  4:00 PM Happy hour: Not Happy Hour Today deal: No Specials,Bussines hour: 8:00 AM -  4:00 PM Happy hour: 3:00 PM -  4:00 PM Today deal: No Specials,Bussines hour: 8:00 AM -  4:00 PM Happy hour: 3:00 PM -  4:00 PM Today deal: $10 Any Slice + Any Beer (except $10 beers),Bussines hour: 8:00 AM -  4:00 PM Happy hour: 3:00 PM -  4:00 PM Today deal: $10 Any Slice + Any Beer (except $10 beers),Bussines hour: 8:00 AM -  4:00 PM Happy hour: 3:00 PM -  4:00 PM Today deal: $10 Any Slice + Any Beer (except $10 beers),Bussines hour: 8:00 AM -  4:00 PM Happy hour: 3:00 PM -  4:00 PM Today deal: $10 Any Slice + Any Beer (except $10 beers),Bussines hour: 7:00 AM -  4:00 PM Happy hour: Not Happy Hour Today deal: $10 Any Slice + Any Beer (except $10 beers)
66,BJ's Restaurant and Brewery,"555 Broadway, Ste 1019 Chula Vista, CA 91910",(619) 591-2490,Bussines hour: 7:00 AM -  4:00 PM Happy hour: Not Happy Hour Today deal: No Specials,Bussines hour: 8:00 AM -  4:00 PM Happy hour: 3:00 PM -  4:00 PM Today deal: No Specials,Bussines hour: 8:00 AM -  4:00 PM Happy hour: 3:00 PM -  4:00 PM Today deal: $10 Any Slice + Any Beer (except $10 beers),Bussines hour: 8:00 AM -  4:00 PM Happy hour: 3:00 PM -  4:00 PM Today deal: $10 Any Slice + Any Beer (except $10 beers),Bussines hour: 8:00 AM -  4:00 PM Happy hour: 3:00 PM -  4:00 PM Today deal: $10 Any Slice + Any Beer (except $10 beers),Bussines hour: 8:00 AM -  4:00 PM Happy hour: 3:00 PM -  4:00 PM Today deal: $10 Any Slice + Any Beer (except $10 beers),Bussines hour: 7:00 AM -  4:00 PM Happy hour: Not Happy Hour Today deal: $10 Any Slice + Any Beer (except $10 beers)
67,BJ's Restaurant & Brewery,"204 E. Via Rancho Pkwy Escondido, CA 92025",(760) 466-0700 ,Bussines hour: 7:00 AM -  4:00 PM Happy hour: Not Happy Hour Today deal: No Specials,Bussines hour: 8:00 AM -  4:00 PM Happy hour: 3:00 PM -  4:00 PM Today deal: No Specials,Bussines hour: 8:00 AM -  4:00 PM Happy hour: 3:00 PM -  4:00 PM Today deal: $10 Any Slice + Any Beer (except $10 beers),Bussines hour: 8:00 AM -  4:00 PM Happy hour: 3:00 PM -  4:00 PM Today deal: $10 Any Slice + Any Beer (except $10 beers),Bussines hour: 8:00 AM -  4:00 PM Happy hour: 3:00 PM -  4:00 PM Today deal: $10 Any Slice + Any Beer (except $10 beers),Bussines hour: 8:00 AM -  4:00 PM Happy hour: 3:00 PM -  4:00 PM Today deal: $10 Any Slice + Any Beer (except $10 beers),Bussines hour: 7:00 AM -  4:00 PM Happy hour: Not Happy Hour Today deal: $10 Any Slice + Any Beer (except $10 beers)
68,BullsEye Bar @ Black Angus Steakhouse,"1000 Graves Ave. El Cajon, CA 92021",(619) 440-5055,Bussines hour: 7:00 AM -  4:00 PM Happy hour: Not Happy Hour Today deal: No Specials,Bussines hour: 8:00 AM -  4:00 PM Happy hour: 3:00 PM -  4:00 PM Today deal: No Specials,Bussines hour: 8:00 AM -  4:00 PM Happy hour: 3:00 PM -  4:00 PM Today deal: $10 Any Slice + Any Beer (except $10 beers),Bussines hour: 8:00 AM -  4:00 PM Happy hour: 3:00 PM -  4:00 PM Today deal: $10 Any Slice + Any Beer (except $10 beers),Bussines hour: 8:00 AM -  4:00 PM Happy hour: 3:00 PM -  4:00 PM Today deal: $10 Any Slice + Any Beer (except $10 beers),Bussines hour: 8:00 AM -  4:00 PM Happy hour: 3:00 PM -  4:00 PM Today deal: $10 Any Slice + Any Beer (except $10 beers),Bussines hour: 7:00 AM -  4:00 PM Happy hour: Not Happy Hour Today deal: $10 Any Slice + Any Beer (except $10 beers)
69,Steamy Piggy,"4681 Convoy St. San Diego, CA 92111",(858) 492-0401,Bussines hour: 7:00 AM -  4:00 PM Happy hour: Not Happy Hour Today deal: No Specials,Bussines hour: 8:00 AM -  4:00 PM Happy hour: 3:00 PM -  4:00 PM Today deal: No Specials,Bussines hour: 8:00 AM -  4:00 PM Happy hour: 3:00 PM -  4:00 PM Today deal: $10 Any Slice + Any Beer (except $10 beers),Bussines hour: 8:00 AM -  4:00 PM Happy hour: 3:00 PM -  4:00 PM Today deal: $10 Any Slice + Any Beer (except $10 beers),Bussines hour: 8:00 AM -  4:00 PM Happy hour: 3:00 PM -  4:00 PM Today deal: $10 Any Slice + Any Beer (except $10 beers),Bussines hour: 8:00 AM -  4:00 PM Happy hour: 3:00 PM -  4:00 PM Today deal: $10 Any Slice + Any Beer (except $10 beers),Bussines hour: 7:00 AM -  4:00 PM Happy hour: Not Happy Hour Today deal: $10 Any Slice + Any Beer (except $10 beers)
70,On The Border,"10789 Westview Parkway San Diego, CA 92126",(858) 530-1130,Bussines hour: 7:00 AM -  4:00 PM Happy hour: Not Happy Hour Today deal: No Specials,Bussines hour: 8:00 AM -  4:00 PM Happy hour: 3:00 PM -  4:00 PM Today deal: No Specials,Bussines hour: 8:00 AM -  4:00 PM Happy hour: 3:00 PM -  4:00 PM Today deal: $10 Any Slice + Any Beer (except $10 beers),Bussines hour: 8:00 AM -  4:00 PM Happy hour: 3:00 PM -  4:00 PM Today deal: $10 Any Slice + Any Beer (except $10 beers),Bussines hour: 8:00 AM -  4:00 PM Happy hour: 3:00 PM -  4:00 PM Today deal: $10 Any Slice + Any Beer (except $10 beers),Bussines hour: 8:00 AM -  4:00 PM Happy hour: 3:00 PM -  4:00 PM Today deal: $10 Any Slice + Any Beer (except $10 beers),Bussines hour: 7:00 AM -  4:00 PM Happy hour: Not Happy Hour Today deal: $10 Any Slice + Any Beer (except $10 beers)
71,Hooters,"775 Center Drive San Marcos, CA 92069",(858) 451-6000,Bussines hour: 7:00 AM -  4:00 PM Happy hour: Not Happy Hour Today deal: No Specials,Bussines hour: 8:00 AM -  4:00 PM Happy hour: 3:00 PM -  4:00 PM Today deal: No Specials,Bussines hour: 8:00 AM -  4:00 PM Happy hour: 3:00 PM -  4:00 PM Today deal: $10 Any Slice + Any Beer (except $10 beers),Bussines hour: 8:00 AM -  4:00 PM Happy hour: 3:00 PM -  4:00 PM Today deal: $10 Any Slice + Any Beer (except $10 beers),Bussines hour: 8:00 AM -  4:00 PM Happy hour: 3:00 PM -  4:00 PM Today deal: $10 Any Slice + Any Beer (except $10 beers),Bussines hour: 8:00 AM -  4:00 PM Happy hour: 3:00 PM -  4:00 PM Today deal: $10 Any Slice + Any Beer (except $10 beers),Bussines hour: 7:00 AM -  4:00 PM Happy hour: Not Happy Hour Today deal: $10 Any Slice + Any Beer (except $10 beers)
72,Harley Gray Kitchen & Bar,"902 W. Washington St. San Diego, CA 92103",(619) 955-8451,Bussines hour: 7:00 AM -  4:00 PM Happy hour: Not Happy Hour Today deal: No Specials,Bussines hour: 8:00 AM -  4:00 PM Happy hour: 3:00 PM -  4:00 PM Today deal: No Specials,Bussines hour: 8:00 AM -  4:00 PM Happy hour: 3:00 PM -  4:00 PM Today deal: $10 Any Slice + Any Beer (except $10 beers),Bussines hour: 8:00 AM -  4:00 PM Happy hour: 3:00 PM -  4:00 PM Today deal: $10 Any Slice + Any Beer (except $10 beers),Bussines hour: 8:00 AM -  4:00 PM Happy hour: 3:00 PM -  4:00 PM Today deal: $10 Any Slice + Any Beer (except $10 beers),Bussines hour: 8:00 AM -  4:00 PM Happy hour: 3:00 PM -  4:00 PM Today deal: $10 Any Slice + Any Beer (except $10 beers),Bussines hour: 7:00 AM -  4:00 PM Happy hour: Not Happy Hour Today deal: $10 Any Slice + Any Beer (except $10 beers)
73,King and Queen Cantina,"1490 Kettner Blvd. San Diego, CA 92101",(619) 756-7864,Bussines hour: 7:00 AM -  4:00 PM Happy hour: Not Happy Hour Today deal: No Specials,Bussines hour: 8:00 AM -  4:00 PM Happy hour: 3:00 PM -  4:00 PM Today deal: No Specials,Bussines hour: 8:00 AM -  4:00 PM Happy hour: 3:00 PM -  4:00 PM Today deal: $10 Any Slice + Any Beer (except $10 beers),Bussines hour: 8:00 AM -  4:00 PM Happy hour: 3:00 PM -  4:00 PM Today deal: $10 Any Slice + Any Beer (except $10 beers),Bussines hour: 8:00 AM -  4:00 PM Happy hour: 3:00 PM -  4:00 PM Today deal: $10 Any Slice + Any Beer (except $10 beers),Bussines hour: 8:00 AM -  4:00 PM Happy hour: 3:00 PM -  4:00 PM Today deal: $10 Any Slice + Any Beer (except $10 beers),Bussines hour: 7:00 AM -  4:00 PM Happy hour: Not Happy Hour Today deal: $10 Any Slice + Any Beer (except $10 beers)
74,Baja Beach Cafe,"701 Thomas Ave. San Diego, CA 92109",(858) 230-6315,Bussines hour: 7:00 AM -  4:00 PM Happy hour: Not Happy Hour Today deal: No Specials,Bussines hour: 8:00 AM -  4:00 PM Happy hour: 3:00 PM -  4:00 PM Today deal: No Specials,Bussines hour: 8:00 AM -  4:00 PM Happy hour: 3:00 PM -  4:00 PM Today deal: $10 Any Slice + Any Beer (except $10 beers),Bussines hour: 8:00 AM -  4:00 PM Happy hour: 3:00 PM -  4:00 PM Today deal: $10 Any Slice + Any Beer (except $10 beers),Bussines hour: 8:00 AM -  4:00 PM Happy hour: 3:00 PM -  4:00 PM Today deal: $10 Any Slice + Any Beer (except $10 beers),Bussines hour: 8:00 AM -  4:00 PM Happy hour: 3:00 PM -  4:00 PM Today deal: $10 Any Slice + Any Beer (except $10 beers),Bussines hour: 7:00 AM -  4:00 PM Happy hour: Not Happy Hour Today deal: $10 Any Slice + Any Beer (except $10 beers)
75,BJ's Restaurant & Brewery,"8785 Villa La Jolla Dr. La Jolla, CA 92037",(858) 257-3640,Bussines hour: 7:00 AM -  4:00 PM Happy hour: Not Happy Hour Today deal: No Specials,Bussines hour: 8:00 AM -  4:00 PM Happy hour: 3:00 PM -  4:00 PM Today deal: No Specials,Bussines hour: 8:00 AM -  4:00 PM Happy hour: 3:00 PM -  4:00 PM Today deal: $10 Any Slice + Any Beer (except $10 beers),Bussines hour: 8:00 AM -  4:00 PM Happy hour: 3:00 PM -  4:00 PM Today deal: $10 Any Slice + Any Beer (except $10 beers),Bussines hour: 8:00 AM -  4:00 PM Happy hour: 3:00 PM -  4:00 PM Today deal: $10 Any Slice + Any Beer (except $10 beers),Bussines hour: 8:00 AM -  4:00 PM Happy hour: 3:00 PM -  4:00 PM Today deal: $10 Any Slice + Any Beer (except $10 beers),Bussines hour: 7:00 AM -  4:00 PM Happy hour: Not Happy Hour Today deal: $10 Any Slice + Any Beer (except $10 beers)
76,BullsEye Bar @ Black Angus Steakhouse,"707 E St. Chula Vista, CA 91910",(619) 426-9200 ,Bussines hour: 7:00 AM -  4:00 PM Happy hour: Not Happy Hour Today deal: No Specials,Bussines hour: 8:00 AM -  4:00 PM Happy hour: 3:00 PM -  4:00 PM Today deal: No Specials,Bussines hour: 8:00 AM -  4:00 PM Happy hour: 3:00 PM -  4:00 PM Today deal: $10 Any Slice + Any Beer (except $10 beers),Bussines hour: 8:00 AM -  4:00 PM Happy hour: 3:00 PM -  4:00 PM Today deal: $10 Any Slice + Any Beer (except $10 beers),Bussines hour: 8:00 AM -  4:00 PM Happy hour: 3:00 PM -  4:00 PM Today deal: $10 Any Slice + Any Beer (except $10 beers),Bussines hour: 8:00 AM -  4:00 PM Happy hour: 3:00 PM -  4:00 PM Today deal: $10 Any Slice + Any Beer (except $10 beers),Bussines hour: 7:00 AM -  4:00 PM Happy hour: Not Happy Hour Today deal: $10 Any Slice + Any Beer (except $10 beers)
77,Yard House,"2525 El Camino Real #210 Carlsbad, CA 92008",(760) 434-1009,Bussines hour: 7:00 AM -  4:00 PM Happy hour: Not Happy Hour Today deal: No Specials,Bussines hour: 8:00 AM -  4:00 PM Happy hour: 3:00 PM -  4:00 PM Today deal: No Specials,Bussines hour: 8:00 AM -  4:00 PM Happy hour: 3:00 PM -  4:00 PM Today deal: $10 Any Slice + Any Beer (except $10 beers),Bussines hour: 8:00 AM -  4:00 PM Happy hour: 3:00 PM -  4:00 PM Today deal: $10 Any Slice + Any Beer (except $10 beers),Bussines hour: 8:00 AM -  4:00 PM Happy hour: 3:00 PM -  4:00 PM Today deal: $10 Any Slice + Any Beer (except $10 beers),Bussines hour: 8:00 AM -  4:00 PM Happy hour: 3:00 PM -  4:00 PM Today deal: $10 Any Slice + Any Beer (except $10 beers),Bussines hour: 7:00 AM -  4:00 PM Happy hour: Not Happy Hour Today deal: $10 Any Slice + Any Beer (except $10 beers)
78,Taste & Thirst,"715 Fourth Ave. San Diego, CA 92101",(619) 955-5995,Bussines hour: 7:00 AM -  4:00 PM Happy hour: Not Happy Hour Today deal: No Specials,Bussines hour: 8:00 AM -  4:00 PM Happy hour: 3:00 PM -  4:00 PM Today deal: No Specials,Bussines hour: 8:00 AM -  4:00 PM Happy hour: 3:00 PM -  4:00 PM Today deal: $10 Any Slice + Any Beer (except $10 beers),Bussines hour: 8:00 AM -  4:00 PM Happy hour: 3:00 PM -  4:00 PM Today deal: $10 Any Slice + Any Beer (except $10 beers),Bussines hour: 8:00 AM -  4:00 PM Happy hour: 3:00 PM -  4:00 PM Today deal: $10 Any Slice + Any Beer (except $10 beers),Bussines hour: 8:00 AM -  4:00 PM Happy hour: 3:00 PM -  4:00 PM Today deal: $10 Any Slice + Any Beer (except $10 beers),Bussines hour: 7:00 AM -  4:00 PM Happy hour: Not Happy Hour Today deal: $10 Any Slice + Any Beer (except $10 beers)
79,Hooters,"1400 Camino De La Reina San Diego, CA 92108",(619) 299-4668,Bussines hour: 7:00 AM -  4:00 PM Happy hour: Not Happy Hour Today deal: No Specials,Bussines hour: 8:00 AM -  4:00 PM Happy hour: 3:00 PM -  4:00 PM Today deal: No Specials,Bussines hour: 8:00 AM -  4:00 PM Happy hour: 3:00 PM -  4:00 PM Today deal: $10 Any Slice + Any Beer (except $10 beers),Bussines hour: 8:00 AM -  4:00 PM Happy hour: 3:00 PM -  4:00 PM Today deal: $10 Any Slice + Any Beer (except $10 beers),Bussines hour: 8:00 AM -  4:00 PM Happy hour: 3:00 PM -  4:00 PM Today deal: $10 Any Slice + Any Beer (except $10 beers),Bussines hour: 8:00 AM -  4:00 PM Happy hour: 3:00 PM -  4:00 PM Today deal: $10 Any Slice + Any Beer (except $10 beers),Bussines hour: 7:00 AM -  4:00 PM Happy hour: Not Happy Hour Today deal: $10 Any Slice + Any Beer (except $10 beers)
80,BJ's Restaurant & Brewery,"5613 Paseo Del Norte Carlsbad, CA 92008",(760) 579-4440,Bussines hour: 7:00 AM -  4:00 PM Happy hour: Not Happy Hour Today deal: No Specials,Bussines hour: 8:00 AM -  4:00 PM Happy hour: 3:00 PM -  4:00 PM Today deal: No Specials,Bussines hour: 8:00 AM -  4:00 PM Happy hour: 3:00 PM -  4:00 PM Today deal: $10 Any Slice + Any Beer (except $10 beers),Bussines hour: 8:00 AM -  4:00 PM Happy hour: 3:00 PM -  4:00 PM Today deal: $10 Any Slice + Any Beer (except $10 beers),Bussines hour: 8:00 AM -  4:00 PM Happy hour: 3:00 PM -  4:00 PM Today deal: $10 Any Slice + Any Beer (except $10 beers),Bussines hour: 8:00 AM -  4:00 PM Happy hour: 3:00 PM -  4:00 PM Today deal: $10 Any Slice + Any Beer (except $10 beers),Bussines hour: 7:00 AM -  4:00 PM Happy hour: Not Happy Hour Today deal: $10 Any Slice + Any Beer (except $10 beers)
81,West Coast Tavern,"2895 University Ave. San Diego, CA 92104",(619) 295-1688,Bussines hour: 7:00 AM -  4:00 PM Happy hour: Not Happy Hour Today deal: No Specials,Bussines hour: 8:00 AM -  4:00 PM Happy hour: 3:00 PM -  4:00 PM Today deal: No Specials,Bussines hour: 8:00 AM -  4:00 PM Happy hour: 3:00 PM -  4:00 PM Today deal: $10 Any Slice + Any Beer (except $10 beers),Bussines hour: 8:00 AM -  4:00 PM Happy hour: 3:00 PM -  4:00 PM Today deal: $10 Any Slice + Any Beer (except $10 beers),Bussines hour: 8:00 AM -  4:00 PM Happy hour: 3:00 PM -  4:00 PM Today deal: $10 Any Slice + Any Beer (except $10 beers),Bussines hour: 8:00 AM -  4:00 PM Happy hour: 3:00 PM -  4:00 PM Today deal: $10 Any Slice + Any Beer (except $10 beers),Bussines hour: 7:00 AM -  4:00 PM Happy hour: Not Happy Hour Today deal: $10 Any Slice + Any Beer (except $10 beers)
82,On The Border,"298 East Via Rancho Pkwy Escondido, CA 92025",(760) 233-9777,Bussines hour: 7:00 AM -  4:00 PM Happy hour: Not Happy Hour Today deal: No Specials,Bussines hour: 8:00 AM -  4:00 PM Happy hour: 3:00 PM -  4:00 PM Today deal: No Specials,Bussines hour: 8:00 AM -  4:00 PM Happy hour: 3:00 PM -  4:00 PM Today deal: $10 Any Slice + Any Beer (except $10 beers),Bussines hour: 8:00 AM -  4:00 PM Happy hour: 3:00 PM -  4:00 PM Today deal: $10 Any Slice + Any Beer (except $10 beers),Bussines hour: 8:00 AM -  4:00 PM Happy hour: 3:00 PM -  4:00 PM Today deal: $10 Any Slice + Any Beer (except $10 beers),Bussines hour: 8:00 AM -  4:00 PM Happy hour: 3:00 PM -  4:00 PM Today deal: $10 Any Slice + Any Beer (except $10 beers),Bussines hour: 7:00 AM -  4:00 PM Happy hour: Not Happy Hour Today deal: $10 Any Slice + Any Beer (except $10 beers)
